<resources>
    <string name="app_name">XamarinAndroid_SmartPOS</string>
    <string name="action_settings">Settings</string>
	<string name="impressora">Impressora</string>
	<string name="elgin_pay">Elgin Pay</string>
	<string name="carteira_digital">Carteira Digital</string>
	<string name="codigo_de_barras">Código de Barras</string>
	<string name="text_footer_xamarin_android">Xamarin Android 1.1.0</string>

	<string-array name="fontfamily">
		<item>FONT A</item>
		<item>FONT B</item>
	</string-array>

	<string-array name="typeCodeBar">
		<item>EAN 8</item>
		<item>EAN 13</item>
		<item>QR CODE</item>
		<item>UPC-A</item>
		<item>CODE 39</item>
		<item>ITF</item>
		<item>CODE BAR</item>
		<item>CODE 93</item>
		<item>CODE 128</item>
	</string-array>

	<string-array name="heightBarCode">
		<item>20</item>
		<item>60</item>
		<item>120</item>
		<item>200</item>
	</string-array>

	<string-array name="widthBarCode">
		<item>1</item>
		<item>2</item>
		<item>3</item>
		<item>4</item>
		<item>5</item>
		<item>6</item>
	</string-array>

	<string-array name="fontSize">
		<item>17</item>
		<item>34</item>
		<item>51</item>
		<item>68</item>
	</string-array>
</resources>
